{"cameraMode":{"drawMode":0,"name":"Shaded","section":"Shading Mode"},"sceneLighting":true,"audioPlay":false,"sceneViewState":{"m_AlwaysRefresh":false,"showFog":true,"showSkybox":true,"showFlares":true,"showImageEffects":true,"showParticleSystems":true,"showVisualEffectGraphs":true,"m_FxEnabled":true},"in2DMode":false,"pivot":{"x":-12.257895469665528,"y":-32.49814224243164,"z":8.691843032836914},"rotation":{"x":0.18799491226673127,"y":0.08826295286417008,"z":-0.016965579241514207,"w":0.9780500531196594},"size":13.769798278808594,"orthographic":false}