{"cameraMode":{"drawMode":0,"name":"Shaded","section":"Shading Mode"},"sceneLighting":true,"audioPlay":false,"sceneViewState":{"m_AlwaysRefresh":false,"showFog":true,"showSkybox":true,"showFlares":true,"showImageEffects":true,"showParticleSystems":true,"showVisualEffectGraphs":true,"m_FxEnabled":true},"in2DMode":false,"pivot":{"x":-13.986724853515625,"y":-27.374248504638673,"z":0.04586303234100342},"rotation":{"x":0.10167893022298813,"y":0.8085790276527405,"z":-0.14663419127464295,"w":0.5606849193572998},"size":9.522799491882325,"orthographic":false}